externalId,timestamp,value
ts_n1_w1_oil_rate,2023-01-01T00:00:00Z,566.731216
ts_n1_w1_oil_rate,2023-01-01T01:00:00Z,493.501291
ts_n1_w1_oil_rate,2023-01-01T02:00:00Z,524.003518
ts_n1_w1_oil_rate,2023-01-01T03:00:00Z,518.285289
ts_n1_w1_oil_rate,2023-01-01T04:00:00Z,580.376546
ts_n1_w1_oil_rate,2023-01-01T05:00:00Z,573.703938
ts_n1_w1_oil_rate,2023-01-01T06:00:00Z,600.061548
ts_n1_w1_oil_rate,2023-01-01T07:00:00Z,503.93266
ts_n1_w1_oil_rate,2023-01-01T08:00:00Z,544.630618
ts_n1_w1_oil_rate,2023-01-01T09:00:00Z,498.075666
ts_n1_w1_oil_rate,2023-01-01T10:00:00Z,521.236557
ts_n1_w1_oil_rate,2023-01-01T11:00:00Z,556.142635
ts_n1_w1_oil_rate,2023-01-01T12:00:00Z,499.184316
ts_n1_w1_oil_rate,2023-01-01T13:00:00Z,520.360518
ts_n1_w1_oil_rate,2023-01-01T14:00:00Z,574.986133
ts_n1_w1_oil_rate,2023-01-01T15:00:00Z,562.892978
ts_n1_w1_oil_rate,2023-01-01T16:00:00Z,524.452875
ts_n1_w1_oil_rate,2023-01-01T17:00:00Z,569.211882
ts_n1_w1_oil_rate,2023-01-01T18:00:00Z,596.131655
ts_n1_w1_oil_rate,2023-01-01T19:00:00Z,500.279851
ts_n1_w1_oil_rate,2023-01-01T20:00:00Z,596.69831
ts_n1_w1_oil_rate,2023-01-01T21:00:00Z,584.276727
ts_n1_w1_oil_rate,2023-01-01T22:00:00Z,541.830062
ts_n1_w1_oil_rate,2023-01-01T23:00:00Z,520.15754
ts_n1_w1_oil_rate,2023-01-02T00:00:00Z,616.865569
ts_n1_w1_gas_rate,2023-01-01T00:00:00Z,1.015421
ts_n1_w1_gas_rate,2023-01-01T01:00:00Z,1.280156
ts_n1_w1_gas_rate,2023-01-01T02:00:00Z,1.060907
ts_n1_w1_gas_rate,2023-01-01T03:00:00Z,1.190013
ts_n1_w1_gas_rate,2023-01-01T04:00:00Z,1.275325
ts_n1_w1_gas_rate,2023-01-01T05:00:00Z,1.325514
ts_n1_w1_gas_rate,2023-01-01T06:00:00Z,1.191276
ts_n1_w1_gas_rate,2023-01-01T07:00:00Z,1.210976
ts_n1_w1_gas_rate,2023-01-01T08:00:00Z,1.020996
ts_n1_w1_gas_rate,2023-01-01T09:00:00Z,1.187956
ts_n1_w1_gas_rate,2023-01-01T10:00:00Z,1.165617
ts_n1_w1_gas_rate,2023-01-01T11:00:00Z,1.359249
ts_n1_w1_gas_rate,2023-01-01T12:00:00Z,1.238794
ts_n1_w1_gas_rate,2023-01-01T13:00:00Z,1.323793
ts_n1_w1_gas_rate,2023-01-01T14:00:00Z,1.196961
ts_n1_w1_gas_rate,2023-01-01T15:00:00Z,1.095475
ts_n1_w1_gas_rate,2023-01-01T16:00:00Z,1.367017
ts_n1_w1_gas_rate,2023-01-01T17:00:00Z,1.356421
ts_n1_w1_gas_rate,2023-01-01T18:00:00Z,1.180343
ts_n1_w1_gas_rate,2023-01-01T19:00:00Z,1.069964
ts_n1_w1_gas_rate,2023-01-01T20:00:00Z,1.238305
ts_n1_w1_gas_rate,2023-01-01T21:00:00Z,1.233391
ts_n1_w1_gas_rate,2023-01-01T22:00:00Z,1.345587
ts_n1_w1_gas_rate,2023-01-01T23:00:00Z,1.27722
ts_n1_w1_gas_rate,2023-01-02T00:00:00Z,1.24267
ts_n1_w1_water_rate,2023-01-01T00:00:00Z,144.512153
ts_n1_w1_water_rate,2023-01-01T01:00:00Z,152.768321
ts_n1_w1_water_rate,2023-01-01T02:00:00Z,172.222197
ts_n1_w1_water_rate,2023-01-01T03:00:00Z,131.349939
ts_n1_w1_water_rate,2023-01-01T04:00:00Z,134.509571
ts_n1_w1_water_rate,2023-01-01T05:00:00Z,122.995835
ts_n1_w1_water_rate,2023-01-01T06:00:00Z,128.499032
ts_n1_w1_water_rate,2023-01-01T07:00:00Z,122.278338
ts_n1_w1_water_rate,2023-01-01T08:00:00Z,131.40142
ts_n1_w1_water_rate,2023-01-01T09:00:00Z,153.072793
ts_n1_w1_water_rate,2023-01-01T10:00:00Z,181.869575
ts_n1_w1_water_rate,2023-01-01T11:00:00Z,164.360616
ts_n1_w1_water_rate,2023-01-01T12:00:00Z,145.705594
ts_n1_w1_water_rate,2023-01-01T13:00:00Z,147.552864
ts_n1_w1_water_rate,2023-01-01T14:00:00Z,164.978578
ts_n1_w1_water_rate,2023-01-01T15:00:00Z,143.317192
ts_n1_w1_water_rate,2023-01-01T16:00:00Z,128.413206
ts_n1_w1_water_rate,2023-01-01T17:00:00Z,174.741374
ts_n1_w1_water_rate,2023-01-01T18:00:00Z,161.533197
ts_n1_w1_water_rate,2023-01-01T19:00:00Z,131.47059
ts_n1_w1_water_rate,2023-01-01T20:00:00Z,129.204001
ts_n1_w1_water_rate,2023-01-01T21:00:00Z,130.927653
ts_n1_w1_water_rate,2023-01-01T22:00:00Z,183.035395
ts_n1_w1_water_rate,2023-01-01T23:00:00Z,132.213012
ts_n1_w1_water_rate,2023-01-02T00:00:00Z,163.519018
ts_n1_w1_gas_lift_injection_rate,2023-01-01T00:00:00Z,0.354375
ts_n1_w1_gas_lift_injection_rate,2023-01-01T01:00:00Z,0.398439
ts_n1_w1_gas_lift_injection_rate,2023-01-01T02:00:00Z,0.318043
ts_n1_w1_gas_lift_injection_rate,2023-01-01T03:00:00Z,0.370247
ts_n1_w1_gas_lift_injection_rate,2023-01-01T04:00:00Z,0.3178
ts_n1_w1_gas_lift_injection_rate,2023-01-01T05:00:00Z,0.306374
ts_n1_w1_gas_lift_injection_rate,2023-01-01T06:00:00Z,0.36177
ts_n1_w1_gas_lift_injection_rate,2023-01-01T07:00:00Z,0.329375
ts_n1_w1_gas_lift_injection_rate,2023-01-01T08:00:00Z,0.368874
ts_n1_w1_gas_lift_injection_rate,2023-01-01T09:00:00Z,0.456194
ts_n1_w1_gas_lift_injection_rate,2023-01-01T10:00:00Z,0.315484
ts_n1_w1_gas_lift_injection_rate,2023-01-01T11:00:00Z,0.434154
ts_n1_w1_gas_lift_injection_rate,2023-01-01T12:00:00Z,0.337002
ts_n1_w1_gas_lift_injection_rate,2023-01-01T13:00:00Z,0.469848
ts_n1_w1_gas_lift_injection_rate,2023-01-01T14:00:00Z,0.45906
ts_n1_w1_gas_lift_injection_rate,2023-01-01T15:00:00Z,0.354702
ts_n1_w1_gas_lift_injection_rate,2023-01-01T16:00:00Z,0.482949
ts_n1_w1_gas_lift_injection_rate,2023-01-01T17:00:00Z,0.457627
ts_n1_w1_gas_lift_injection_rate,2023-01-01T18:00:00Z,0.32999
ts_n1_w1_gas_lift_injection_rate,2023-01-01T19:00:00Z,0.39746
ts_n1_w1_gas_lift_injection_rate,2023-01-01T20:00:00Z,0.456757
ts_n1_w1_gas_lift_injection_rate,2023-01-01T21:00:00Z,0.502092
ts_n1_w1_gas_lift_injection_rate,2023-01-01T22:00:00Z,0.352776
ts_n1_w1_gas_lift_injection_rate,2023-01-01T23:00:00Z,0.369539
ts_n1_w1_gas_lift_injection_rate,2023-01-02T00:00:00Z,0.475019
ts_n1_w1_wh_tubing_pressure,2023-01-01T00:00:00Z,1138.826808
ts_n1_w1_wh_tubing_pressure,2023-01-01T01:00:00Z,1090.416106
ts_n1_w1_wh_tubing_pressure,2023-01-01T02:00:00Z,1109.695352
ts_n1_w1_wh_tubing_pressure,2023-01-01T03:00:00Z,1137.228667
ts_n1_w1_wh_tubing_pressure,2023-01-01T04:00:00Z,1074.520587
ts_n1_w1_wh_tubing_pressure,2023-01-01T05:00:00Z,1103.655062
ts_n1_w1_wh_tubing_pressure,2023-01-01T06:00:00Z,1110.873049
ts_n1_w1_wh_tubing_pressure,2023-01-01T07:00:00Z,1147.636619
ts_n1_w1_wh_tubing_pressure,2023-01-01T08:00:00Z,1056.551472
ts_n1_w1_wh_tubing_pressure,2023-01-01T09:00:00Z,1060.644367
ts_n1_w1_wh_tubing_pressure,2023-01-01T10:00:00Z,1086.175083
ts_n1_w1_wh_tubing_pressure,2023-01-01T11:00:00Z,1137.092535
ts_n1_w1_wh_tubing_pressure,2023-01-01T12:00:00Z,1139.314959
ts_n1_w1_wh_tubing_pressure,2023-01-01T13:00:00Z,1068.955785
ts_n1_w1_wh_tubing_pressure,2023-01-01T14:00:00Z,1147.787335
ts_n1_w1_wh_tubing_pressure,2023-01-01T15:00:00Z,1109.026934
ts_n1_w1_wh_tubing_pressure,2023-01-01T16:00:00Z,1153.456326
ts_n1_w1_wh_tubing_pressure,2023-01-01T17:00:00Z,1150.535266
ts_n1_w1_wh_tubing_pressure,2023-01-01T18:00:00Z,1066.792145
ts_n1_w1_wh_tubing_pressure,2023-01-01T19:00:00Z,1155.353056
ts_n1_w1_wh_tubing_pressure,2023-01-01T20:00:00Z,1106.207772
ts_n1_w1_wh_tubing_pressure,2023-01-01T21:00:00Z,1074.361114
ts_n1_w1_wh_tubing_pressure,2023-01-01T22:00:00Z,1105.727518
ts_n1_w1_wh_tubing_pressure,2023-01-01T23:00:00Z,1067.015307
ts_n1_w1_wh_tubing_pressure,2023-01-02T00:00:00Z,1134.887452
ts_n1_w1_wh_casing_pressure,2023-01-01T00:00:00Z,1185.184626
ts_n1_w1_wh_casing_pressure,2023-01-01T01:00:00Z,1193.435291
ts_n1_w1_wh_casing_pressure,2023-01-01T02:00:00Z,1196.20042
ts_n1_w1_wh_casing_pressure,2023-01-01T03:00:00Z,1185.596974
ts_n1_w1_wh_casing_pressure,2023-01-01T04:00:00Z,1202.911103
ts_n1_w1_wh_casing_pressure,2023-01-01T05:00:00Z,1191.324873
ts_n1_w1_wh_casing_pressure,2023-01-01T06:00:00Z,1156.590872
ts_n1_w1_wh_casing_pressure,2023-01-01T07:00:00Z,1194.769927
ts_n1_w1_wh_casing_pressure,2023-01-01T08:00:00Z,1155.69932
ts_n1_w1_wh_casing_pressure,2023-01-01T09:00:00Z,1163.995585
ts_n1_w1_wh_casing_pressure,2023-01-01T10:00:00Z,1180.547331
ts_n1_w1_wh_casing_pressure,2023-01-01T11:00:00Z,1251.140643
ts_n1_w1_wh_casing_pressure,2023-01-01T12:00:00Z,1203.155278
ts_n1_w1_wh_casing_pressure,2023-01-01T13:00:00Z,1210.085444
ts_n1_w1_wh_casing_pressure,2023-01-01T14:00:00Z,1247.573711
ts_n1_w1_wh_casing_pressure,2023-01-01T15:00:00Z,1246.123836
ts_n1_w1_wh_casing_pressure,2023-01-01T16:00:00Z,1213.423488
ts_n1_w1_wh_casing_pressure,2023-01-01T17:00:00Z,1180.088029
ts_n1_w1_wh_casing_pressure,2023-01-01T18:00:00Z,1209.82696
ts_n1_w1_wh_casing_pressure,2023-01-01T19:00:00Z,1193.824878
ts_n1_w1_wh_casing_pressure,2023-01-01T20:00:00Z,1254.109695
ts_n1_w1_wh_casing_pressure,2023-01-01T21:00:00Z,1162.076411
ts_n1_w1_wh_casing_pressure,2023-01-01T22:00:00Z,1196.58339
ts_n1_w1_wh_casing_pressure,2023-01-01T23:00:00Z,1228.343469
ts_n1_w1_wh_casing_pressure,2023-01-02T00:00:00Z,1220.097561
ts_n2_w1_oil_rate,2023-01-01T00:00:00Z,555.778939
ts_n2_w1_oil_rate,2023-01-01T01:00:00Z,506.326976
ts_n2_w1_oil_rate,2023-01-01T02:00:00Z,576.385621
ts_n2_w1_oil_rate,2023-01-01T03:00:00Z,527.770007
ts_n2_w1_oil_rate,2023-01-01T04:00:00Z,604.599033
ts_n2_w1_oil_rate,2023-01-01T05:00:00Z,515.626202
ts_n2_w1_oil_rate,2023-01-01T06:00:00Z,584.438201
ts_n2_w1_oil_rate,2023-01-01T07:00:00Z,513.376986
ts_n2_w1_oil_rate,2023-01-01T08:00:00Z,609.930458
ts_n2_w1_oil_rate,2023-01-01T09:00:00Z,599.333007
ts_n2_w1_oil_rate,2023-01-01T10:00:00Z,507.902348
ts_n2_w1_oil_rate,2023-01-01T11:00:00Z,573.417974
ts_n2_w1_oil_rate,2023-01-01T12:00:00Z,522.165921
ts_n2_w1_oil_rate,2023-01-01T13:00:00Z,557.892048
ts_n2_w1_oil_rate,2023-01-01T14:00:00Z,599.037232
ts_n2_w1_oil_rate,2023-01-01T15:00:00Z,516.08987
ts_n2_w1_oil_rate,2023-01-01T16:00:00Z,524.052539
ts_n2_w1_oil_rate,2023-01-01T17:00:00Z,507.298211
ts_n2_w1_oil_rate,2023-01-01T18:00:00Z,506.620618
ts_n2_w1_oil_rate,2023-01-01T19:00:00Z,559.366337
ts_n2_w1_oil_rate,2023-01-01T20:00:00Z,519.56417
ts_n2_w1_oil_rate,2023-01-01T21:00:00Z,515.960563
ts_n2_w1_oil_rate,2023-01-01T22:00:00Z,584.777412
ts_n2_w1_oil_rate,2023-01-01T23:00:00Z,536.510306
ts_n2_w1_oil_rate,2023-01-02T00:00:00Z,542.690517
ts_n2_w1_gas_rate,2023-01-01T00:00:00Z,1.026754
ts_n2_w1_gas_rate,2023-01-01T01:00:00Z,1.166964
ts_n2_w1_gas_rate,2023-01-01T02:00:00Z,1.047535
ts_n2_w1_gas_rate,2023-01-01T03:00:00Z,1.305845
ts_n2_w1_gas_rate,2023-01-01T04:00:00Z,1.211181
ts_n2_w1_gas_rate,2023-01-01T05:00:00Z,1.028203
ts_n2_w1_gas_rate,2023-01-01T06:00:00Z,1.027923
ts_n2_w1_gas_rate,2023-01-01T07:00:00Z,1.30604
ts_n2_w1_gas_rate,2023-01-01T08:00:00Z,1.075073
ts_n2_w1_gas_rate,2023-01-01T09:00:00Z,1.308498
ts_n2_w1_gas_rate,2023-01-01T10:00:00Z,1.268844
ts_n2_w1_gas_rate,2023-01-01T11:00:00Z,1.220045
ts_n2_w1_gas_rate,2023-01-01T12:00:00Z,1.362319
ts_n2_w1_gas_rate,2023-01-01T13:00:00Z,1.26269
ts_n2_w1_gas_rate,2023-01-01T14:00:00Z,1.252676
ts_n2_w1_gas_rate,2023-01-01T15:00:00Z,1.185032
ts_n2_w1_gas_rate,2023-01-01T16:00:00Z,1.126165
ts_n2_w1_gas_rate,2023-01-01T17:00:00Z,1.083529
ts_n2_w1_gas_rate,2023-01-01T18:00:00Z,1.199298
ts_n2_w1_gas_rate,2023-01-01T19:00:00Z,1.182091
ts_n2_w1_gas_rate,2023-01-01T20:00:00Z,1.342317
ts_n2_w1_gas_rate,2023-01-01T21:00:00Z,1.142349
ts_n2_w1_gas_rate,2023-01-01T22:00:00Z,1.196091
ts_n2_w1_gas_rate,2023-01-01T23:00:00Z,1.41678
ts_n2_w1_gas_rate,2023-01-02T00:00:00Z,1.288115
ts_n2_w1_water_rate,2023-01-01T00:00:00Z,149.852194
ts_n2_w1_water_rate,2023-01-01T01:00:00Z,136.220423
ts_n2_w1_water_rate,2023-01-01T02:00:00Z,158.74467
ts_n2_w1_water_rate,2023-01-01T03:00:00Z,135.298785
ts_n2_w1_water_rate,2023-01-01T04:00:00Z,149.390115
ts_n2_w1_water_rate,2023-01-01T05:00:00Z,179.470169
ts_n2_w1_water_rate,2023-01-01T06:00:00Z,126.611284
ts_n2_w1_water_rate,2023-01-01T07:00:00Z,140.792735
ts_n2_w1_water_rate,2023-01-01T08:00:00Z,162.586637
ts_n2_w1_water_rate,2023-01-01T09:00:00Z,127.364479
ts_n2_w1_water_rate,2023-01-01T10:00:00Z,131.699052
ts_n2_w1_water_rate,2023-01-01T11:00:00Z,172.266431
ts_n2_w1_water_rate,2023-01-01T12:00:00Z,181.783371
ts_n2_w1_water_rate,2023-01-01T13:00:00Z,142.410319
ts_n2_w1_water_rate,2023-01-01T14:00:00Z,134.838139
ts_n2_w1_water_rate,2023-01-01T15:00:00Z,182.092515
ts_n2_w1_water_rate,2023-01-01T16:00:00Z,143.735152
ts_n2_w1_water_rate,2023-01-01T17:00:00Z,160.477071
ts_n2_w1_water_rate,2023-01-01T18:00:00Z,160.949653
ts_n2_w1_water_rate,2023-01-01T19:00:00Z,162.849325
ts_n2_w1_water_rate,2023-01-01T20:00:00Z,179.92353
ts_n2_w1_water_rate,2023-01-01T21:00:00Z,182.997193
ts_n2_w1_water_rate,2023-01-01T22:00:00Z,167.088866
ts_n2_w1_water_rate,2023-01-01T23:00:00Z,175.244223
ts_n2_w1_water_rate,2023-01-02T00:00:00Z,173.629714
ts_n2_w1_gas_lift_injection_rate,2023-01-01T00:00:00Z,0.348704
ts_n2_w1_gas_lift_injection_rate,2023-01-01T01:00:00Z,0.401275
ts_n2_w1_gas_lift_injection_rate,2023-01-01T02:00:00Z,0.334054
ts_n2_w1_gas_lift_injection_rate,2023-01-01T03:00:00Z,0.466744
ts_n2_w1_gas_lift_injection_rate,2023-01-01T04:00:00Z,0.349613
ts_n2_w1_gas_lift_injection_rate,2023-01-01T05:00:00Z,0.414632
ts_n2_w1_gas_lift_injection_rate,2023-01-01T06:00:00Z,0.490271
ts_n2_w1_gas_lift_injection_rate,2023-01-01T07:00:00Z,0.385309
ts_n2_w1_gas_lift_injection_rate,2023-01-01T08:00:00Z,0.50024
ts_n2_w1_gas_lift_injection_rate,2023-01-01T09:00:00Z,0.453794
ts_n2_w1_gas_lift_injection_rate,2023-01-01T10:00:00Z,0.417956
ts_n2_w1_gas_lift_injection_rate,2023-01-01T11:00:00Z,0.434951
ts_n2_w1_gas_lift_injection_rate,2023-01-01T12:00:00Z,0.427213
ts_n2_w1_gas_lift_injection_rate,2023-01-01T13:00:00Z,0.382878
ts_n2_w1_gas_lift_injection_rate,2023-01-01T14:00:00Z,0.51101
ts_n2_w1_gas_lift_injection_rate,2023-01-01T15:00:00Z,0.393279
ts_n2_w1_gas_lift_injection_rate,2023-01-01T16:00:00Z,0.510102
ts_n2_w1_gas_lift_injection_rate,2023-01-01T17:00:00Z,0.484681
ts_n2_w1_gas_lift_injection_rate,2023-01-01T18:00:00Z,0.320669
ts_n2_w1_gas_lift_injection_rate,2023-01-01T19:00:00Z,0.367474
ts_n2_w1_gas_lift_injection_rate,2023-01-01T20:00:00Z,0.412219
ts_n2_w1_gas_lift_injection_rate,2023-01-01T21:00:00Z,0.480419
ts_n2_w1_gas_lift_injection_rate,2023-01-01T22:00:00Z,0.35386
ts_n2_w1_gas_lift_injection_rate,2023-01-01T23:00:00Z,0.442335
ts_n2_w1_gas_lift_injection_rate,2023-01-02T00:00:00Z,0.393442
ts_n2_w1_wh_tubing_pressure,2023-01-01T00:00:00Z,1147.835486
ts_n2_w1_wh_tubing_pressure,2023-01-01T01:00:00Z,1055.868932
ts_n2_w1_wh_tubing_pressure,2023-01-01T02:00:00Z,1123.399505
ts_n2_w1_wh_tubing_pressure,2023-01-01T03:00:00Z,1099.636174
ts_n2_w1_wh_tubing_pressure,2023-01-01T04:00:00Z,1145.838991
ts_n2_w1_wh_tubing_pressure,2023-01-01T05:00:00Z,1092.768782
ts_n2_w1_wh_tubing_pressure,2023-01-01T06:00:00Z,1144.424299
ts_n2_w1_wh_tubing_pressure,2023-01-01T07:00:00Z,1068.831447
ts_n2_w1_wh_tubing_pressure,2023-01-01T08:00:00Z,1152.811351
ts_n2_w1_wh_tubing_pressure,2023-01-01T09:00:00Z,1095.047954
ts_n2_w1_wh_tubing_pressure,2023-01-01T10:00:00Z,1072.481515
ts_n2_w1_wh_tubing_pressure,2023-01-01T11:00:00Z,1089.193244
ts_n2_w1_wh_tubing_pressure,2023-01-01T12:00:00Z,1118.079587
ts_n2_w1_wh_tubing_pressure,2023-01-01T13:00:00Z,1058.836088
ts_n2_w1_wh_tubing_pressure,2023-01-01T14:00:00Z,1094.551734
ts_n2_w1_wh_tubing_pressure,2023-01-01T15:00:00Z,1057.360314
ts_n2_w1_wh_tubing_pressure,2023-01-01T16:00:00Z,1063.60351
ts_n2_w1_wh_tubing_pressure,2023-01-01T17:00:00Z,1074.112731
ts_n2_w1_wh_tubing_pressure,2023-01-01T18:00:00Z,1080.562657
ts_n2_w1_wh_tubing_pressure,2023-01-01T19:00:00Z,1085.352971
ts_n2_w1_wh_tubing_pressure,2023-01-01T20:00:00Z,1136.147369
ts_n2_w1_wh_tubing_pressure,2023-01-01T21:00:00Z,1100.35008
ts_n2_w1_wh_tubing_pressure,2023-01-01T22:00:00Z,1144.910458
ts_n2_w1_wh_tubing_pressure,2023-01-01T23:00:00Z,1149.433124
ts_n2_w1_wh_tubing_pressure,2023-01-02T00:00:00Z,1149.520894
ts_n2_w1_wh_casing_pressure,2023-01-01T00:00:00Z,1211.714148
ts_n2_w1_wh_casing_pressure,2023-01-01T01:00:00Z,1239.430522
ts_n2_w1_wh_casing_pressure,2023-01-01T02:00:00Z,1196.482055
ts_n2_w1_wh_casing_pressure,2023-01-01T03:00:00Z,1222.390476
ts_n2_w1_wh_casing_pressure,2023-01-01T04:00:00Z,1245.364797
ts_n2_w1_wh_casing_pressure,2023-01-01T05:00:00Z,1204.139316
ts_n2_w1_wh_casing_pressure,2023-01-01T06:00:00Z,1225.884017
ts_n2_w1_wh_casing_pressure,2023-01-01T07:00:00Z,1225.71991
ts_n2_w1_wh_casing_pressure,2023-01-01T08:00:00Z,1239.151995
ts_n2_w1_wh_casing_pressure,2023-01-01T09:00:00Z,1157.429243
ts_n2_w1_wh_casing_pressure,2023-01-01T10:00:00Z,1171.095886
ts_n2_w1_wh_casing_pressure,2023-01-01T11:00:00Z,1254.28092
ts_n2_w1_wh_casing_pressure,2023-01-01T12:00:00Z,1229.680204
ts_n2_w1_wh_casing_pressure,2023-01-01T13:00:00Z,1181.51647
ts_n2_w1_wh_casing_pressure,2023-01-01T14:00:00Z,1230.077619
ts_n2_w1_wh_casing_pressure,2023-01-01T15:00:00Z,1173.173707
ts_n2_w1_wh_casing_pressure,2023-01-01T16:00:00Z,1192.690379
ts_n2_w1_wh_casing_pressure,2023-01-01T17:00:00Z,1201.174966
ts_n2_w1_wh_casing_pressure,2023-01-01T18:00:00Z,1180.381478
ts_n2_w1_wh_casing_pressure,2023-01-01T19:00:00Z,1171.736515
ts_n2_w1_wh_casing_pressure,2023-01-01T20:00:00Z,1209.087348
ts_n2_w1_wh_casing_pressure,2023-01-01T21:00:00Z,1223.452894
ts_n2_w1_wh_casing_pressure,2023-01-01T22:00:00Z,1190.992624
ts_n2_w1_wh_casing_pressure,2023-01-01T23:00:00Z,1225.610415
ts_n2_w1_wh_casing_pressure,2023-01-02T00:00:00Z,1258.19715
ts_s1_w1_oil_rate,2023-01-01T00:00:00Z,599.637157
ts_s1_w1_oil_rate,2023-01-01T01:00:00Z,506.997362
ts_s1_w1_oil_rate,2023-01-01T02:00:00Z,557.728416
ts_s1_w1_oil_rate,2023-01-01T03:00:00Z,549.462699
ts_s1_w1_oil_rate,2023-01-01T04:00:00Z,607.07765
ts_s1_w1_oil_rate,2023-01-01T05:00:00Z,538.14677
ts_s1_w1_oil_rate,2023-01-01T06:00:00Z,546.580049
ts_s1_w1_oil_rate,2023-01-01T07:00:00Z,562.786466
ts_s1_w1_oil_rate,2023-01-01T08:00:00Z,539.851648
ts_s1_w1_oil_rate,2023-01-01T09:00:00Z,603.928571
ts_s1_w1_oil_rate,2023-01-01T10:00:00Z,600.426825
ts_s1_w1_oil_rate,2023-01-01T11:00:00Z,582.348682
ts_s1_w1_oil_rate,2023-01-01T12:00:00Z,502.720846
ts_s1_w1_oil_rate,2023-01-01T13:00:00Z,615.27054
ts_s1_w1_oil_rate,2023-01-01T14:00:00Z,562.867865
ts_s1_w1_oil_rate,2023-01-01T15:00:00Z,569.222627
ts_s1_w1_oil_rate,2023-01-01T16:00:00Z,563.053989
ts_s1_w1_oil_rate,2023-01-01T17:00:00Z,560.390496
ts_s1_w1_oil_rate,2023-01-01T18:00:00Z,610.685283
ts_s1_w1_oil_rate,2023-01-01T19:00:00Z,532.278003
ts_s1_w1_oil_rate,2023-01-01T20:00:00Z,517.08974
ts_s1_w1_oil_rate,2023-01-01T21:00:00Z,620.46014
ts_s1_w1_oil_rate,2023-01-01T22:00:00Z,532.338464
ts_s1_w1_oil_rate,2023-01-01T23:00:00Z,534.865479
ts_s1_w1_oil_rate,2023-01-02T00:00:00Z,554.531389
ts_s1_w1_gas_rate,2023-01-01T00:00:00Z,1.036136
ts_s1_w1_gas_rate,2023-01-01T01:00:00Z,1.38192
ts_s1_w1_gas_rate,2023-01-01T02:00:00Z,1.063322
ts_s1_w1_gas_rate,2023-01-01T03:00:00Z,1.300748
ts_s1_w1_gas_rate,2023-01-01T04:00:00Z,1.343164
ts_s1_w1_gas_rate,2023-01-01T05:00:00Z,1.307188
ts_s1_w1_gas_rate,2023-01-01T06:00:00Z,1.130775
ts_s1_w1_gas_rate,2023-01-01T07:00:00Z,1.152316
ts_s1_w1_gas_rate,2023-01-01T08:00:00Z,1.302078
ts_s1_w1_gas_rate,2023-01-01T09:00:00Z,1.401259
ts_s1_w1_gas_rate,2023-01-01T10:00:00Z,1.281718
ts_s1_w1_gas_rate,2023-01-01T11:00:00Z,1.234566
ts_s1_w1_gas_rate,2023-01-01T12:00:00Z,1.17516
ts_s1_w1_gas_rate,2023-01-01T13:00:00Z,1.183963
ts_s1_w1_gas_rate,2023-01-01T14:00:00Z,1.310972
ts_s1_w1_gas_rate,2023-01-01T15:00:00Z,1.196556
ts_s1_w1_gas_rate,2023-01-01T16:00:00Z,1.240345
ts_s1_w1_gas_rate,2023-01-01T17:00:00Z,1.280713
ts_s1_w1_gas_rate,2023-01-01T18:00:00Z,1.283007
ts_s1_w1_gas_rate,2023-01-01T19:00:00Z,1.048077
ts_s1_w1_gas_rate,2023-01-01T20:00:00Z,1.125578
ts_s1_w1_gas_rate,2023-01-01T21:00:00Z,1.317304
ts_s1_w1_gas_rate,2023-01-01T22:00:00Z,1.264806
ts_s1_w1_gas_rate,2023-01-01T23:00:00Z,1.373496
ts_s1_w1_gas_rate,2023-01-02T00:00:00Z,1.060995
ts_s1_w1_water_rate,2023-01-01T00:00:00Z,177.955151
ts_s1_w1_water_rate,2023-01-01T01:00:00Z,153.835355
ts_s1_w1_water_rate,2023-01-01T02:00:00Z,148.920313
ts_s1_w1_water_rate,2023-01-01T03:00:00Z,152.146769
ts_s1_w1_water_rate,2023-01-01T04:00:00Z,167.059604
ts_s1_w1_water_rate,2023-01-01T05:00:00Z,180.566362
ts_s1_w1_water_rate,2023-01-01T06:00:00Z,146.733933
ts_s1_w1_water_rate,2023-01-01T07:00:00Z,135.606171
ts_s1_w1_water_rate,2023-01-01T08:00:00Z,144.481252
ts_s1_w1_water_rate,2023-01-01T09:00:00Z,126.311848
ts_s1_w1_water_rate,2023-01-01T10:00:00Z,161.093195
ts_s1_w1_water_rate,2023-01-01T11:00:00Z,182.305817
ts_s1_w1_water_rate,2023-01-01T12:00:00Z,135.433009
ts_s1_w1_water_rate,2023-01-01T13:00:00Z,168.792792
ts_s1_w1_water_rate,2023-01-01T14:00:00Z,136.154613
ts_s1_w1_water_rate,2023-01-01T15:00:00Z,179.529516
ts_s1_w1_water_rate,2023-01-01T16:00:00Z,157.419129
ts_s1_w1_water_rate,2023-01-01T17:00:00Z,147.329087
ts_s1_w1_water_rate,2023-01-01T18:00:00Z,126.320733
ts_s1_w1_water_rate,2023-01-01T19:00:00Z,134.087909
ts_s1_w1_water_rate,2023-01-01T20:00:00Z,179.115634
ts_s1_w1_water_rate,2023-01-01T21:00:00Z,136.443656
ts_s1_w1_water_rate,2023-01-01T22:00:00Z,162.394752
ts_s1_w1_water_rate,2023-01-01T23:00:00Z,159.26981
ts_s1_w1_water_rate,2023-01-02T00:00:00Z,152.647761
ts_s1_w1_gas_lift_injection_rate,2023-01-01T00:00:00Z,0.308513
ts_s1_w1_gas_lift_injection_rate,2023-01-01T01:00:00Z,0.418771
ts_s1_w1_gas_lift_injection_rate,2023-01-01T02:00:00Z,0.305529
ts_s1_w1_gas_lift_injection_rate,2023-01-01T03:00:00Z,0.405325
ts_s1_w1_gas_lift_injection_rate,2023-01-01T04:00:00Z,0.498663
ts_s1_w1_gas_lift_injection_rate,2023-01-01T05:00:00Z,0.362216
ts_s1_w1_gas_lift_injection_rate,2023-01-01T06:00:00Z,0.499844
ts_s1_w1_gas_lift_injection_rate,2023-01-01T07:00:00Z,0.43304
ts_s1_w1_gas_lift_injection_rate,2023-01-01T08:00:00Z,0.483464
ts_s1_w1_gas_lift_injection_rate,2023-01-01T09:00:00Z,0.311434
ts_s1_w1_gas_lift_injection_rate,2023-01-01T10:00:00Z,0.455462
ts_s1_w1_gas_lift_injection_rate,2023-01-01T11:00:00Z,0.412508
ts_s1_w1_gas_lift_injection_rate,2023-01-01T12:00:00Z,0.430869
ts_s1_w1_gas_lift_injection_rate,2023-01-01T13:00:00Z,0.386429
ts_s1_w1_gas_lift_injection_rate,2023-01-01T14:00:00Z,0.507061
ts_s1_w1_gas_lift_injection_rate,2023-01-01T15:00:00Z,0.443555
ts_s1_w1_gas_lift_injection_rate,2023-01-01T16:00:00Z,0.458449
ts_s1_w1_gas_lift_injection_rate,2023-01-01T17:00:00Z,0.450814
ts_s1_w1_gas_lift_injection_rate,2023-01-01T18:00:00Z,0.424272
ts_s1_w1_gas_lift_injection_rate,2023-01-01T19:00:00Z,0.478517
ts_s1_w1_gas_lift_injection_rate,2023-01-01T20:00:00Z,0.43992
ts_s1_w1_gas_lift_injection_rate,2023-01-01T21:00:00Z,0.430554
ts_s1_w1_gas_lift_injection_rate,2023-01-01T22:00:00Z,0.346218
ts_s1_w1_gas_lift_injection_rate,2023-01-01T23:00:00Z,0.430429
ts_s1_w1_gas_lift_injection_rate,2023-01-02T00:00:00Z,0.350891
ts_s1_w1_wh_tubing_pressure,2023-01-01T00:00:00Z,1108.075716
ts_s1_w1_wh_tubing_pressure,2023-01-01T01:00:00Z,1070.989067
ts_s1_w1_wh_tubing_pressure,2023-01-01T02:00:00Z,1115.03027
ts_s1_w1_wh_tubing_pressure,2023-01-01T03:00:00Z,1145.898544
ts_s1_w1_wh_tubing_pressure,2023-01-01T04:00:00Z,1055.787313
ts_s1_w1_wh_tubing_pressure,2023-01-01T05:00:00Z,1097.023295
ts_s1_w1_wh_tubing_pressure,2023-01-01T06:00:00Z,1087.844555
ts_s1_w1_wh_tubing_pressure,2023-01-01T07:00:00Z,1081.708607
ts_s1_w1_wh_tubing_pressure,2023-01-01T08:00:00Z,1141.025778
ts_s1_w1_wh_tubing_pressure,2023-01-01T09:00:00Z,1150.423095
ts_s1_w1_wh_tubing_pressure,2023-01-01T10:00:00Z,1134.556134
ts_s1_w1_wh_tubing_pressure,2023-01-01T11:00:00Z,1096.486393
ts_s1_w1_wh_tubing_pressure,2023-01-01T12:00:00Z,1142.183725
ts_s1_w1_wh_tubing_pressure,2023-01-01T13:00:00Z,1065.877598
ts_s1_w1_wh_tubing_pressure,2023-01-01T14:00:00Z,1104.798122
ts_s1_w1_wh_tubing_pressure,2023-01-01T15:00:00Z,1103.246048
ts_s1_w1_wh_tubing_pressure,2023-01-01T16:00:00Z,1064.010764
ts_s1_w1_wh_tubing_pressure,2023-01-01T17:00:00Z,1112.436452
ts_s1_w1_wh_tubing_pressure,2023-01-01T18:00:00Z,1095.164963
ts_s1_w1_wh_tubing_pressure,2023-01-01T19:00:00Z,1094.699939
ts_s1_w1_wh_tubing_pressure,2023-01-01T20:00:00Z,1068.448065
ts_s1_w1_wh_tubing_pressure,2023-01-01T21:00:00Z,1125.493988
ts_s1_w1_wh_tubing_pressure,2023-01-01T22:00:00Z,1072.635835
ts_s1_w1_wh_tubing_pressure,2023-01-01T23:00:00Z,1063.048777
ts_s1_w1_wh_tubing_pressure,2023-01-02T00:00:00Z,1146.811433
ts_s1_w1_wh_casing_pressure,2023-01-01T00:00:00Z,1172.418547
ts_s1_w1_wh_casing_pressure,2023-01-01T01:00:00Z,1243.680696
ts_s1_w1_wh_casing_pressure,2023-01-01T02:00:00Z,1245.407694
ts_s1_w1_wh_casing_pressure,2023-01-01T03:00:00Z,1153.525857
ts_s1_w1_wh_casing_pressure,2023-01-01T04:00:00Z,1236.358361
ts_s1_w1_wh_casing_pressure,2023-01-01T05:00:00Z,1223.520652
ts_s1_w1_wh_casing_pressure,2023-01-01T06:00:00Z,1220.489608
ts_s1_w1_wh_casing_pressure,2023-01-01T07:00:00Z,1153.974122
ts_s1_w1_wh_casing_pressure,2023-01-01T08:00:00Z,1236.16452
ts_s1_w1_wh_casing_pressure,2023-01-01T09:00:00Z,1191.576207
ts_s1_w1_wh_casing_pressure,2023-01-01T10:00:00Z,1234.822461
ts_s1_w1_wh_casing_pressure,2023-01-01T11:00:00Z,1208.188608
ts_s1_w1_wh_casing_pressure,2023-01-01T12:00:00Z,1231.129065
ts_s1_w1_wh_casing_pressure,2023-01-01T13:00:00Z,1228.278994
ts_s1_w1_wh_casing_pressure,2023-01-01T14:00:00Z,1189.724291
ts_s1_w1_wh_casing_pressure,2023-01-01T15:00:00Z,1223.223312
ts_s1_w1_wh_casing_pressure,2023-01-01T16:00:00Z,1253.565214
ts_s1_w1_wh_casing_pressure,2023-01-01T17:00:00Z,1246.360645
ts_s1_w1_wh_casing_pressure,2023-01-01T18:00:00Z,1248.249609
ts_s1_w1_wh_casing_pressure,2023-01-01T19:00:00Z,1168.031135
ts_s1_w1_wh_casing_pressure,2023-01-01T20:00:00Z,1222.398679
ts_s1_w1_wh_casing_pressure,2023-01-01T21:00:00Z,1243.380727
ts_s1_w1_wh_casing_pressure,2023-01-01T22:00:00Z,1189.684102
ts_s1_w1_wh_casing_pressure,2023-01-01T23:00:00Z,1164.08623
ts_s1_w1_wh_casing_pressure,2023-01-02T00:00:00Z,1234.830188
ts_n_cs1_c1_suction_pressure,2023-01-01T00:00:00Z,216.156135
ts_n_cs1_c1_suction_pressure,2023-01-01T01:00:00Z,221.642491
ts_n_cs1_c1_suction_pressure,2023-01-01T02:00:00Z,215.479027
ts_n_cs1_c1_suction_pressure,2023-01-01T03:00:00Z,226.407921
ts_n_cs1_c1_suction_pressure,2023-01-01T04:00:00Z,219.677678
ts_n_cs1_c1_suction_pressure,2023-01-01T05:00:00Z,217.067063
ts_n_cs1_c1_suction_pressure,2023-01-01T06:00:00Z,228.435052
ts_n_cs1_c1_suction_pressure,2023-01-01T07:00:00Z,226.431573
ts_n_cs1_c1_suction_pressure,2023-01-01T08:00:00Z,227.858941
ts_n_cs1_c1_suction_pressure,2023-01-01T09:00:00Z,224.066275
ts_n_cs1_c1_suction_pressure,2023-01-01T10:00:00Z,214.54253
ts_n_cs1_c1_suction_pressure,2023-01-01T11:00:00Z,218.715237
ts_n_cs1_c1_suction_pressure,2023-01-01T12:00:00Z,215.788587
ts_n_cs1_c1_suction_pressure,2023-01-01T13:00:00Z,226.945909
ts_n_cs1_c1_suction_pressure,2023-01-01T14:00:00Z,211.350349
ts_n_cs1_c1_suction_pressure,2023-01-01T15:00:00Z,227.060954
ts_n_cs1_c1_suction_pressure,2023-01-01T16:00:00Z,214.668861
ts_n_cs1_c1_suction_pressure,2023-01-01T17:00:00Z,217.539507
ts_n_cs1_c1_suction_pressure,2023-01-01T18:00:00Z,224.07357
ts_n_cs1_c1_suction_pressure,2023-01-01T19:00:00Z,225.081625
ts_n_cs1_c1_suction_pressure,2023-01-01T20:00:00Z,221.914597
ts_n_cs1_c1_suction_pressure,2023-01-01T21:00:00Z,222.874304
ts_n_cs1_c1_suction_pressure,2023-01-01T22:00:00Z,223.61106
ts_n_cs1_c1_suction_pressure,2023-01-01T23:00:00Z,223.922783
ts_n_cs1_c1_suction_pressure,2023-01-02T00:00:00Z,214.166019
ts_n_cs1_c1_discharge_pressure,2023-01-01T00:00:00Z,2099.173115
ts_n_cs1_c1_discharge_pressure,2023-01-01T01:00:00Z,2109.12876
ts_n_cs1_c1_discharge_pressure,2023-01-01T02:00:00Z,2147.711413
ts_n_cs1_c1_discharge_pressure,2023-01-01T03:00:00Z,2074.967335
ts_n_cs1_c1_discharge_pressure,2023-01-01T04:00:00Z,2075.645122
ts_n_cs1_c1_discharge_pressure,2023-01-01T05:00:00Z,2132.100026
ts_n_cs1_c1_discharge_pressure,2023-01-01T06:00:00Z,2101.675076
ts_n_cs1_c1_discharge_pressure,2023-01-01T07:00:00Z,2083.276731
ts_n_cs1_c1_discharge_pressure,2023-01-01T08:00:00Z,2090.825006
ts_n_cs1_c1_discharge_pressure,2023-01-01T09:00:00Z,2080.094932
ts_n_cs1_c1_discharge_pressure,2023-01-01T10:00:00Z,2056.388242
ts_n_cs1_c1_discharge_pressure,2023-01-01T11:00:00Z,2126.644574
ts_n_cs1_c1_discharge_pressure,2023-01-01T12:00:00Z,2166.566905
ts_n_cs1_c1_discharge_pressure,2023-01-01T13:00:00Z,2136.447037
ts_n_cs1_c1_discharge_pressure,2023-01-01T14:00:00Z,2128.966953
ts_n_cs1_c1_discharge_pressure,2023-01-01T15:00:00Z,2085.007104
ts_n_cs1_c1_discharge_pressure,2023-01-01T16:00:00Z,2100.027822
ts_n_cs1_c1_discharge_pressure,2023-01-01T17:00:00Z,2057.250203
ts_n_cs1_c1_discharge_pressure,2023-01-01T18:00:00Z,2145.558813
ts_n_cs1_c1_discharge_pressure,2023-01-01T19:00:00Z,2081.345547
ts_n_cs1_c1_discharge_pressure,2023-01-01T20:00:00Z,2081.265242
ts_n_cs1_c1_discharge_pressure,2023-01-01T21:00:00Z,2185.237983
ts_n_cs1_c1_discharge_pressure,2023-01-01T22:00:00Z,2089.800805
ts_n_cs1_c1_discharge_pressure,2023-01-01T23:00:00Z,2186.183564
ts_n_cs1_c1_discharge_pressure,2023-01-02T00:00:00Z,2132.693664
ts_n_cs1_c1_suction_temperature,2023-01-01T00:00:00Z,94.279916
ts_n_cs1_c1_suction_temperature,2023-01-01T01:00:00Z,86.771936
ts_n_cs1_c1_suction_temperature,2023-01-01T02:00:00Z,94.789623
ts_n_cs1_c1_suction_temperature,2023-01-01T03:00:00Z,87.506088
ts_n_cs1_c1_suction_temperature,2023-01-01T04:00:00Z,89.814187
ts_n_cs1_c1_suction_temperature,2023-01-01T05:00:00Z,94.185949
ts_n_cs1_c1_suction_temperature,2023-01-01T06:00:00Z,88.807737
ts_n_cs1_c1_suction_temperature,2023-01-01T07:00:00Z,90.372179
ts_n_cs1_c1_suction_temperature,2023-01-01T08:00:00Z,86.948591
ts_n_cs1_c1_suction_temperature,2023-01-01T09:00:00Z,94.986529
ts_n_cs1_c1_suction_temperature,2023-01-01T10:00:00Z,95.269493
ts_n_cs1_c1_suction_temperature,2023-01-01T11:00:00Z,87.175248
ts_n_cs1_c1_suction_temperature,2023-01-01T12:00:00Z,86.727577
ts_n_cs1_c1_suction_temperature,2023-01-01T13:00:00Z,90.267186
ts_n_cs1_c1_suction_temperature,2023-01-01T14:00:00Z,90.770602
ts_n_cs1_c1_suction_temperature,2023-01-01T15:00:00Z,93.377986
ts_n_cs1_c1_suction_temperature,2023-01-01T16:00:00Z,89.094134
ts_n_cs1_c1_suction_temperature,2023-01-01T17:00:00Z,91.609359
ts_n_cs1_c1_suction_temperature,2023-01-01T18:00:00Z,87.353308
ts_n_cs1_c1_suction_temperature,2023-01-01T19:00:00Z,87.91782
ts_n_cs1_c1_suction_temperature,2023-01-01T20:00:00Z,86.621134
ts_n_cs1_c1_suction_temperature,2023-01-01T21:00:00Z,91.333013
ts_n_cs1_c1_suction_temperature,2023-01-01T22:00:00Z,91.544459
ts_n_cs1_c1_suction_temperature,2023-01-01T23:00:00Z,92.128299
ts_n_cs1_c1_suction_temperature,2023-01-02T00:00:00Z,95.356269
ts_n_cs1_c1_discharge_temperature,2023-01-01T00:00:00Z,159.177088
ts_n_cs1_c1_discharge_temperature,2023-01-01T01:00:00Z,156.973827
ts_n_cs1_c1_discharge_temperature,2023-01-01T02:00:00Z,166.266433
ts_n_cs1_c1_discharge_temperature,2023-01-01T03:00:00Z,159.952095
ts_n_cs1_c1_discharge_temperature,2023-01-01T04:00:00Z,154.055689
ts_n_cs1_c1_discharge_temperature,2023-01-01T05:00:00Z,164.061869
ts_n_cs1_c1_discharge_temperature,2023-01-01T06:00:00Z,154.006574
ts_n_cs1_c1_discharge_temperature,2023-01-01T07:00:00Z,155.975084
ts_n_cs1_c1_discharge_temperature,2023-01-01T08:00:00Z,154.108858
ts_n_cs1_c1_discharge_temperature,2023-01-01T09:00:00Z,162.485615
ts_n_cs1_c1_discharge_temperature,2023-01-01T10:00:00Z,165.763
ts_n_cs1_c1_discharge_temperature,2023-01-01T11:00:00Z,162.355416
ts_n_cs1_c1_discharge_temperature,2023-01-01T12:00:00Z,156.587083
ts_n_cs1_c1_discharge_temperature,2023-01-01T13:00:00Z,165.987649
ts_n_cs1_c1_discharge_temperature,2023-01-01T14:00:00Z,166.447717
ts_n_cs1_c1_discharge_temperature,2023-01-01T15:00:00Z,158.35975
ts_n_cs1_c1_discharge_temperature,2023-01-01T16:00:00Z,157.606373
ts_n_cs1_c1_discharge_temperature,2023-01-01T17:00:00Z,163.668908
ts_n_cs1_c1_discharge_temperature,2023-01-01T18:00:00Z,168.21604
ts_n_cs1_c1_discharge_temperature,2023-01-01T19:00:00Z,167.379772
ts_n_cs1_c1_discharge_temperature,2023-01-01T20:00:00Z,166.900872
ts_n_cs1_c1_discharge_temperature,2023-01-01T21:00:00Z,164.549717
ts_n_cs1_c1_discharge_temperature,2023-01-01T22:00:00Z,157.292003
ts_n_cs1_c1_discharge_temperature,2023-01-01T23:00:00Z,163.131463
ts_n_cs1_c1_discharge_temperature,2023-01-02T00:00:00Z,160.418625
ts_n_cs1_c1_flow_rate,2023-01-01T00:00:00Z,11.904633
ts_n_cs1_c1_flow_rate,2023-01-01T01:00:00Z,12.537543
ts_n_cs1_c1_flow_rate,2023-01-01T02:00:00Z,11.649177
ts_n_cs1_c1_flow_rate,2023-01-01T03:00:00Z,13.730096
ts_n_cs1_c1_flow_rate,2023-01-01T04:00:00Z,10.134073
ts_n_cs1_c1_flow_rate,2023-01-01T05:00:00Z,14.033776
ts_n_cs1_c1_flow_rate,2023-01-01T06:00:00Z,12.916458
ts_n_cs1_c1_flow_rate,2023-01-01T07:00:00Z,13.332647
ts_n_cs1_c1_flow_rate,2023-01-01T08:00:00Z,13.345757
ts_n_cs1_c1_flow_rate,2023-01-01T09:00:00Z,10.955468
ts_n_cs1_c1_flow_rate,2023-01-01T10:00:00Z,13.444336
ts_n_cs1_c1_flow_rate,2023-01-01T11:00:00Z,12.795209
ts_n_cs1_c1_flow_rate,2023-01-01T12:00:00Z,10.789724
ts_n_cs1_c1_flow_rate,2023-01-01T13:00:00Z,13.661992
ts_n_cs1_c1_flow_rate,2023-01-01T14:00:00Z,11.993479
ts_n_cs1_c1_flow_rate,2023-01-01T15:00:00Z,13.135154
ts_n_cs1_c1_flow_rate,2023-01-01T16:00:00Z,10.60133
ts_n_cs1_c1_flow_rate,2023-01-01T17:00:00Z,13.001192
ts_n_cs1_c1_flow_rate,2023-01-01T18:00:00Z,10.321373
ts_n_cs1_c1_flow_rate,2023-01-01T19:00:00Z,10.57198
ts_n_cs1_c1_flow_rate,2023-01-01T20:00:00Z,10.754984
ts_n_cs1_c1_flow_rate,2023-01-01T21:00:00Z,10.53288
ts_n_cs1_c1_flow_rate,2023-01-01T22:00:00Z,12.722191
ts_n_cs1_c1_flow_rate,2023-01-01T23:00:00Z,11.260333
ts_n_cs1_c1_flow_rate,2023-01-02T00:00:00Z,11.18695
ts_n_cs1_c2_suction_pressure,2023-01-01T00:00:00Z,218.29488
ts_n_cs1_c2_suction_pressure,2023-01-01T01:00:00Z,215.837337
ts_n_cs1_c2_suction_pressure,2023-01-01T02:00:00Z,227.060913
ts_n_cs1_c2_suction_pressure,2023-01-01T03:00:00Z,219.12542
ts_n_cs1_c2_suction_pressure,2023-01-01T04:00:00Z,220.907865
ts_n_cs1_c2_suction_pressure,2023-01-01T05:00:00Z,221.441851
ts_n_cs1_c2_suction_pressure,2023-01-01T06:00:00Z,217.278061
ts_n_cs1_c2_suction_pressure,2023-01-01T07:00:00Z,223.373246
ts_n_cs1_c2_suction_pressure,2023-01-01T08:00:00Z,228.667421
ts_n_cs1_c2_suction_pressure,2023-01-01T09:00:00Z,212.189805
ts_n_cs1_c2_suction_pressure,2023-01-01T10:00:00Z,222.051642
ts_n_cs1_c2_suction_pressure,2023-01-01T11:00:00Z,216.197507
ts_n_cs1_c2_suction_pressure,2023-01-01T12:00:00Z,224.113443
ts_n_cs1_c2_suction_pressure,2023-01-01T13:00:00Z,223.55094
ts_n_cs1_c2_suction_pressure,2023-01-01T14:00:00Z,212.081453
ts_n_cs1_c2_suction_pressure,2023-01-01T15:00:00Z,213.50805
ts_n_cs1_c2_suction_pressure,2023-01-01T16:00:00Z,221.900326
ts_n_cs1_c2_suction_pressure,2023-01-01T17:00:00Z,228.589764
ts_n_cs1_c2_suction_pressure,2023-01-01T18:00:00Z,227.453385
ts_n_cs1_c2_suction_pressure,2023-01-01T19:00:00Z,228.061133
ts_n_cs1_c2_suction_pressure,2023-01-01T20:00:00Z,214.407767
ts_n_cs1_c2_suction_pressure,2023-01-01T21:00:00Z,218.760983
ts_n_cs1_c2_suction_pressure,2023-01-01T22:00:00Z,223.371699
ts_n_cs1_c2_suction_pressure,2023-01-01T23:00:00Z,219.246035
ts_n_cs1_c2_suction_pressure,2023-01-02T00:00:00Z,216.613257
ts_n_cs1_c2_discharge_pressure,2023-01-01T00:00:00Z,2035.621339
ts_n_cs1_c2_discharge_pressure,2023-01-01T01:00:00Z,2090.813163
ts_n_cs1_c2_discharge_pressure,2023-01-01T02:00:00Z,2063.187466
ts_n_cs1_c2_discharge_pressure,2023-01-01T03:00:00Z,2093.727869
ts_n_cs1_c2_discharge_pressure,2023-01-01T04:00:00Z,2065.913173
ts_n_cs1_c2_discharge_pressure,2023-01-01T05:00:00Z,2157.347945
ts_n_cs1_c2_discharge_pressure,2023-01-01T06:00:00Z,2112.81529
ts_n_cs1_c2_discharge_pressure,2023-01-01T07:00:00Z,2141.017595
ts_n_cs1_c2_discharge_pressure,2023-01-01T08:00:00Z,2168.978328
ts_n_cs1_c2_discharge_pressure,2023-01-01T09:00:00Z,2104.862682
ts_n_cs1_c2_discharge_pressure,2023-01-01T10:00:00Z,2101.530659
ts_n_cs1_c2_discharge_pressure,2023-01-01T11:00:00Z,2051.068584
ts_n_cs1_c2_discharge_pressure,2023-01-01T12:00:00Z,2150.140881
ts_n_cs1_c2_discharge_pressure,2023-01-01T13:00:00Z,2043.549954
ts_n_cs1_c2_discharge_pressure,2023-01-01T14:00:00Z,2088.257928
ts_n_cs1_c2_discharge_pressure,2023-01-01T15:00:00Z,2059.458631
ts_n_cs1_c2_discharge_pressure,2023-01-01T16:00:00Z,2144.226888
ts_n_cs1_c2_discharge_pressure,2023-01-01T17:00:00Z,2104.316742
ts_n_cs1_c2_discharge_pressure,2023-01-01T18:00:00Z,2111.987245
ts_n_cs1_c2_discharge_pressure,2023-01-01T19:00:00Z,2116.127495
ts_n_cs1_c2_discharge_pressure,2023-01-01T20:00:00Z,2163.933743
ts_n_cs1_c2_discharge_pressure,2023-01-01T21:00:00Z,2185.101795
ts_n_cs1_c2_discharge_pressure,2023-01-01T22:00:00Z,2094.308259
ts_n_cs1_c2_discharge_pressure,2023-01-01T23:00:00Z,2171.437041
ts_n_cs1_c2_discharge_pressure,2023-01-02T00:00:00Z,2146.496905
ts_n_cs1_c2_suction_temperature,2023-01-01T00:00:00Z,85.747938
ts_n_cs1_c2_suction_temperature,2023-01-01T01:00:00Z,92.701674
ts_n_cs1_c2_suction_temperature,2023-01-01T02:00:00Z,94.80427
ts_n_cs1_c2_suction_temperature,2023-01-01T03:00:00Z,89.277932
ts_n_cs1_c2_suction_temperature,2023-01-01T04:00:00Z,94.615428
ts_n_cs1_c2_suction_temperature,2023-01-01T05:00:00Z,89.502997
ts_n_cs1_c2_suction_temperature,2023-01-01T06:00:00Z,91.46614
ts_n_cs1_c2_suction_temperature,2023-01-01T07:00:00Z,94.486208
ts_n_cs1_c2_suction_temperature,2023-01-01T08:00:00Z,87.370874
ts_n_cs1_c2_suction_temperature,2023-01-01T09:00:00Z,85.772409
ts_n_cs1_c2_suction_temperature,2023-01-01T10:00:00Z,87.184376
ts_n_cs1_c2_suction_temperature,2023-01-01T11:00:00Z,85.808212
ts_n_cs1_c2_suction_temperature,2023-01-01T12:00:00Z,89.894613
ts_n_cs1_c2_suction_temperature,2023-01-01T13:00:00Z,86.771842
ts_n_cs1_c2_suction_temperature,2023-01-01T14:00:00Z,86.538516
ts_n_cs1_c2_suction_temperature,2023-01-01T15:00:00Z,88.707196
ts_n_cs1_c2_suction_temperature,2023-01-01T16:00:00Z,89.673691
ts_n_cs1_c2_suction_temperature,2023-01-01T17:00:00Z,94.524832
ts_n_cs1_c2_suction_temperature,2023-01-01T18:00:00Z,85.877152
ts_n_cs1_c2_suction_temperature,2023-01-01T19:00:00Z,92.290981
ts_n_cs1_c2_suction_temperature,2023-01-01T20:00:00Z,94.906291
ts_n_cs1_c2_suction_temperature,2023-01-01T21:00:00Z,93.209925
ts_n_cs1_c2_suction_temperature,2023-01-01T22:00:00Z,87.522528
ts_n_cs1_c2_suction_temperature,2023-01-01T23:00:00Z,87.485527
ts_n_cs1_c2_suction_temperature,2023-01-02T00:00:00Z,89.709012
ts_n_cs1_c2_discharge_temperature,2023-01-01T00:00:00Z,163.625034
ts_n_cs1_c2_discharge_temperature,2023-01-01T01:00:00Z,166.674558
ts_n_cs1_c2_discharge_temperature,2023-01-01T02:00:00Z,163.836051
ts_n_cs1_c2_discharge_temperature,2023-01-01T03:00:00Z,166.309638
ts_n_cs1_c2_discharge_temperature,2023-01-01T04:00:00Z,154.414659
ts_n_cs1_c2_discharge_temperature,2023-01-01T05:00:00Z,161.509098
ts_n_cs1_c2_discharge_temperature,2023-01-01T06:00:00Z,159.35301
ts_n_cs1_c2_discharge_temperature,2023-01-01T07:00:00Z,156.919889
ts_n_cs1_c2_discharge_temperature,2023-01-01T08:00:00Z,165.906138
ts_n_cs1_c2_discharge_temperature,2023-01-01T09:00:00Z,158.003522
ts_n_cs1_c2_discharge_temperature,2023-01-01T10:00:00Z,167.730059
ts_n_cs1_c2_discharge_temperature,2023-01-01T11:00:00Z,158.606301
ts_n_cs1_c2_discharge_temperature,2023-01-01T12:00:00Z,161.554371
ts_n_cs1_c2_discharge_temperature,2023-01-01T13:00:00Z,164.925891
ts_n_cs1_c2_discharge_temperature,2023-01-01T14:00:00Z,165.101221
ts_n_cs1_c2_discharge_temperature,2023-01-01T15:00:00Z,154.064281
ts_n_cs1_c2_discharge_temperature,2023-01-01T16:00:00Z,164.50312
ts_n_cs1_c2_discharge_temperature,2023-01-01T17:00:00Z,155.153525
ts_n_cs1_c2_discharge_temperature,2023-01-01T18:00:00Z,158.761832
ts_n_cs1_c2_discharge_temperature,2023-01-01T19:00:00Z,155.088336
ts_n_cs1_c2_discharge_temperature,2023-01-01T20:00:00Z,162.830683
ts_n_cs1_c2_discharge_temperature,2023-01-01T21:00:00Z,156.739446
ts_n_cs1_c2_discharge_temperature,2023-01-01T22:00:00Z,156.753977
ts_n_cs1_c2_discharge_temperature,2023-01-01T23:00:00Z,161.86097
ts_n_cs1_c2_discharge_temperature,2023-01-02T00:00:00Z,160.361124
ts_n_cs1_c2_flow_rate,2023-01-01T00:00:00Z,12.736964
ts_n_cs1_c2_flow_rate,2023-01-01T01:00:00Z,10.400016
ts_n_cs1_c2_flow_rate,2023-01-01T02:00:00Z,10.700993
ts_n_cs1_c2_flow_rate,2023-01-01T03:00:00Z,12.470495
ts_n_cs1_c2_flow_rate,2023-01-01T04:00:00Z,11.378811
ts_n_cs1_c2_flow_rate,2023-01-01T05:00:00Z,13.741823
ts_n_cs1_c2_flow_rate,2023-01-01T06:00:00Z,13.252204
ts_n_cs1_c2_flow_rate,2023-01-01T07:00:00Z,13.57545
ts_n_cs1_c2_flow_rate,2023-01-01T08:00:00Z,11.791464
ts_n_cs1_c2_flow_rate,2023-01-01T09:00:00Z,13.465369
ts_n_cs1_c2_flow_rate,2023-01-01T10:00:00Z,12.434849
ts_n_cs1_c2_flow_rate,2023-01-01T11:00:00Z,13.505786
ts_n_cs1_c2_flow_rate,2023-01-01T12:00:00Z,11.48478
ts_n_cs1_c2_flow_rate,2023-01-01T13:00:00Z,12.409532
ts_n_cs1_c2_flow_rate,2023-01-01T14:00:00Z,11.994461
ts_n_cs1_c2_flow_rate,2023-01-01T15:00:00Z,11.898793
ts_n_cs1_c2_flow_rate,2023-01-01T16:00:00Z,11.835131
ts_n_cs1_c2_flow_rate,2023-01-01T17:00:00Z,11.940608
ts_n_cs1_c2_flow_rate,2023-01-01T18:00:00Z,10.888838
ts_n_cs1_c2_flow_rate,2023-01-01T19:00:00Z,10.886408
ts_n_cs1_c2_flow_rate,2023-01-01T20:00:00Z,11.573599
ts_n_cs1_c2_flow_rate,2023-01-01T21:00:00Z,13.124711
ts_n_cs1_c2_flow_rate,2023-01-01T22:00:00Z,13.01019
ts_n_cs1_c2_flow_rate,2023-01-01T23:00:00Z,13.403492
ts_n_cs1_c2_flow_rate,2023-01-02T00:00:00Z,13.301057
ts_s_cs1_c1_suction_pressure,2023-01-01T00:00:00Z,228.195385
ts_s_cs1_c1_suction_pressure,2023-01-01T01:00:00Z,215.964914
ts_s_cs1_c1_suction_pressure,2023-01-01T02:00:00Z,219.355344
ts_s_cs1_c1_suction_pressure,2023-01-01T03:00:00Z,212.977174
ts_s_cs1_c1_suction_pressure,2023-01-01T04:00:00Z,230.234548
ts_s_cs1_c1_suction_pressure,2023-01-01T05:00:00Z,213.509547
ts_s_cs1_c1_suction_pressure,2023-01-01T06:00:00Z,223.978791
ts_s_cs1_c1_suction_pressure,2023-01-01T07:00:00Z,222.543844
ts_s_cs1_c1_suction_pressure,2023-01-01T08:00:00Z,224.959141
ts_s_cs1_c1_suction_pressure,2023-01-01T09:00:00Z,218.960518
ts_s_cs1_c1_suction_pressure,2023-01-01T10:00:00Z,218.435119
ts_s_cs1_c1_suction_pressure,2023-01-01T11:00:00Z,218.914597
ts_s_cs1_c1_suction_pressure,2023-01-01T12:00:00Z,212.451032
ts_s_cs1_c1_suction_pressure,2023-01-01T13:00:00Z,217.478631
ts_s_cs1_c1_suction_pressure,2023-01-01T14:00:00Z,216.68333
ts_s_cs1_c1_suction_pressure,2023-01-01T15:00:00Z,226.86645
ts_s_cs1_c1_suction_pressure,2023-01-01T16:00:00Z,220.25019
ts_s_cs1_c1_suction_pressure,2023-01-01T17:00:00Z,213.343801
ts_s_cs1_c1_suction_pressure,2023-01-01T18:00:00Z,212.133967
ts_s_cs1_c1_suction_pressure,2023-01-01T19:00:00Z,218.502869
ts_s_cs1_c1_suction_pressure,2023-01-01T20:00:00Z,231.361023
ts_s_cs1_c1_suction_pressure,2023-01-01T21:00:00Z,212.258561
ts_s_cs1_c1_suction_pressure,2023-01-01T22:00:00Z,220.848384
ts_s_cs1_c1_suction_pressure,2023-01-01T23:00:00Z,227.29926
ts_s_cs1_c1_suction_pressure,2023-01-02T00:00:00Z,214.420457
ts_s_cs1_c1_discharge_pressure,2023-01-01T00:00:00Z,2073.563002
ts_s_cs1_c1_discharge_pressure,2023-01-01T01:00:00Z,2118.629423
ts_s_cs1_c1_discharge_pressure,2023-01-01T02:00:00Z,2027.522
ts_s_cs1_c1_discharge_pressure,2023-01-01T03:00:00Z,2174.303668
ts_s_cs1_c1_discharge_pressure,2023-01-01T04:00:00Z,2150.823776
ts_s_cs1_c1_discharge_pressure,2023-01-01T05:00:00Z,2177.977968
ts_s_cs1_c1_discharge_pressure,2023-01-01T06:00:00Z,2068.252545
ts_s_cs1_c1_discharge_pressure,2023-01-01T07:00:00Z,2059.298298
ts_s_cs1_c1_discharge_pressure,2023-01-01T08:00:00Z,2038.210696
ts_s_cs1_c1_discharge_pressure,2023-01-01T09:00:00Z,2059.695356
ts_s_cs1_c1_discharge_pressure,2023-01-01T10:00:00Z,2034.877858
ts_s_cs1_c1_discharge_pressure,2023-01-01T11:00:00Z,2135.635704
ts_s_cs1_c1_discharge_pressure,2023-01-01T12:00:00Z,2087.350455
ts_s_cs1_c1_discharge_pressure,2023-01-01T13:00:00Z,2155.459246
ts_s_cs1_c1_discharge_pressure,2023-01-01T14:00:00Z,2147.850804
ts_s_cs1_c1_discharge_pressure,2023-01-01T15:00:00Z,2086.77365
ts_s_cs1_c1_discharge_pressure,2023-01-01T16:00:00Z,2060.019955
ts_s_cs1_c1_discharge_pressure,2023-01-01T17:00:00Z,2087.776192
ts_s_cs1_c1_discharge_pressure,2023-01-01T18:00:00Z,2040.794276
ts_s_cs1_c1_discharge_pressure,2023-01-01T19:00:00Z,2134.123881
ts_s_cs1_c1_discharge_pressure,2023-01-01T20:00:00Z,2065.968612
ts_s_cs1_c1_discharge_pressure,2023-01-01T21:00:00Z,2060.434911
ts_s_cs1_c1_discharge_pressure,2023-01-01T22:00:00Z,2172.010471
ts_s_cs1_c1_discharge_pressure,2023-01-01T23:00:00Z,2104.93073
ts_s_cs1_c1_discharge_pressure,2023-01-02T00:00:00Z,2181.908427
ts_s_cs1_c1_suction_temperature,2023-01-01T00:00:00Z,85.734267
ts_s_cs1_c1_suction_temperature,2023-01-01T01:00:00Z,90.985286
ts_s_cs1_c1_suction_temperature,2023-01-01T02:00:00Z,94.977803
ts_s_cs1_c1_suction_temperature,2023-01-01T03:00:00Z,88.564842
ts_s_cs1_c1_suction_temperature,2023-01-01T04:00:00Z,90.60641
ts_s_cs1_c1_suction_temperature,2023-01-01T05:00:00Z,88.951738
ts_s_cs1_c1_suction_temperature,2023-01-01T06:00:00Z,92.646025
ts_s_cs1_c1_suction_temperature,2023-01-01T07:00:00Z,92.146305
ts_s_cs1_c1_suction_temperature,2023-01-01T08:00:00Z,91.320608
ts_s_cs1_c1_suction_temperature,2023-01-01T09:00:00Z,95.135814
ts_s_cs1_c1_suction_temperature,2023-01-01T10:00:00Z,92.445823
ts_s_cs1_c1_suction_temperature,2023-01-01T11:00:00Z,88.88663
ts_s_cs1_c1_suction_temperature,2023-01-01T12:00:00Z,89.299489
ts_s_cs1_c1_suction_temperature,2023-01-01T13:00:00Z,91.878047
ts_s_cs1_c1_suction_temperature,2023-01-01T14:00:00Z,92.503492
ts_s_cs1_c1_suction_temperature,2023-01-01T15:00:00Z,87.844963
ts_s_cs1_c1_suction_temperature,2023-01-01T16:00:00Z,93.756915
ts_s_cs1_c1_suction_temperature,2023-01-01T17:00:00Z,90.178546
ts_s_cs1_c1_suction_temperature,2023-01-01T18:00:00Z,93.474015
ts_s_cs1_c1_suction_temperature,2023-01-01T19:00:00Z,86.702391
ts_s_cs1_c1_suction_temperature,2023-01-01T20:00:00Z,89.009319
ts_s_cs1_c1_suction_temperature,2023-01-01T21:00:00Z,86.052894
ts_s_cs1_c1_suction_temperature,2023-01-01T22:00:00Z,90.086079
ts_s_cs1_c1_suction_temperature,2023-01-01T23:00:00Z,88.498521
ts_s_cs1_c1_suction_temperature,2023-01-02T00:00:00Z,89.46913
ts_s_cs1_c1_discharge_temperature,2023-01-01T00:00:00Z,156.697232
ts_s_cs1_c1_discharge_temperature,2023-01-01T01:00:00Z,160.094607
ts_s_cs1_c1_discharge_temperature,2023-01-01T02:00:00Z,161.087217
ts_s_cs1_c1_discharge_temperature,2023-01-01T03:00:00Z,159.601928
ts_s_cs1_c1_discharge_temperature,2023-01-01T04:00:00Z,161.551048
ts_s_cs1_c1_discharge_temperature,2023-01-01T05:00:00Z,160.121007
ts_s_cs1_c1_discharge_temperature,2023-01-01T06:00:00Z,160.643489
ts_s_cs1_c1_discharge_temperature,2023-01-01T07:00:00Z,155.970983
ts_s_cs1_c1_discharge_temperature,2023-01-01T08:00:00Z,154.655918
ts_s_cs1_c1_discharge_temperature,2023-01-01T09:00:00Z,156.889036
ts_s_cs1_c1_discharge_temperature,2023-01-01T10:00:00Z,164.822237
ts_s_cs1_c1_discharge_temperature,2023-01-01T11:00:00Z,153.56864
ts_s_cs1_c1_discharge_temperature,2023-01-01T12:00:00Z,158.532806
ts_s_cs1_c1_discharge_temperature,2023-01-01T13:00:00Z,159.64788
ts_s_cs1_c1_discharge_temperature,2023-01-01T14:00:00Z,161.670908
ts_s_cs1_c1_discharge_temperature,2023-01-01T15:00:00Z,159.940406
ts_s_cs1_c1_discharge_temperature,2023-01-01T16:00:00Z,166.331133
ts_s_cs1_c1_discharge_temperature,2023-01-01T17:00:00Z,167.621702
ts_s_cs1_c1_discharge_temperature,2023-01-01T18:00:00Z,162.155615
ts_s_cs1_c1_discharge_temperature,2023-01-01T19:00:00Z,156.724734
ts_s_cs1_c1_discharge_temperature,2023-01-01T20:00:00Z,166.875751
ts_s_cs1_c1_discharge_temperature,2023-01-01T21:00:00Z,166.647351
ts_s_cs1_c1_discharge_temperature,2023-01-01T22:00:00Z,160.838769
ts_s_cs1_c1_discharge_temperature,2023-01-01T23:00:00Z,165.90696
ts_s_cs1_c1_discharge_temperature,2023-01-02T00:00:00Z,167.2659
ts_s_cs1_c1_flow_rate,2023-01-01T00:00:00Z,13.438914
ts_s_cs1_c1_flow_rate,2023-01-01T01:00:00Z,12.077786
ts_s_cs1_c1_flow_rate,2023-01-01T02:00:00Z,10.487776
ts_s_cs1_c1_flow_rate,2023-01-01T03:00:00Z,10.53246
ts_s_cs1_c1_flow_rate,2023-01-01T04:00:00Z,11.303152
ts_s_cs1_c1_flow_rate,2023-01-01T05:00:00Z,13.584984
ts_s_cs1_c1_flow_rate,2023-01-01T06:00:00Z,13.834593
ts_s_cs1_c1_flow_rate,2023-01-01T07:00:00Z,11.522316
ts_s_cs1_c1_flow_rate,2023-01-01T08:00:00Z,11.899991
ts_s_cs1_c1_flow_rate,2023-01-01T09:00:00Z,11.976868
ts_s_cs1_c1_flow_rate,2023-01-01T10:00:00Z,13.863212
ts_s_cs1_c1_flow_rate,2023-01-01T11:00:00Z,11.967327
ts_s_cs1_c1_flow_rate,2023-01-01T12:00:00Z,11.45341
ts_s_cs1_c1_flow_rate,2023-01-01T13:00:00Z,12.227533
ts_s_cs1_c1_flow_rate,2023-01-01T14:00:00Z,10.245383
ts_s_cs1_c1_flow_rate,2023-01-01T15:00:00Z,12.306957
ts_s_cs1_c1_flow_rate,2023-01-01T16:00:00Z,10.775448
ts_s_cs1_c1_flow_rate,2023-01-01T17:00:00Z,13.57335
ts_s_cs1_c1_flow_rate,2023-01-01T18:00:00Z,12.053675
ts_s_cs1_c1_flow_rate,2023-01-01T19:00:00Z,14.129572
ts_s_cs1_c1_flow_rate,2023-01-01T20:00:00Z,12.013448
ts_s_cs1_c1_flow_rate,2023-01-01T21:00:00Z,11.426859
ts_s_cs1_c1_flow_rate,2023-01-01T22:00:00Z,14.346937
ts_s_cs1_c1_flow_rate,2023-01-01T23:00:00Z,13.875272
ts_s_cs1_c1_flow_rate,2023-01-02T00:00:00Z,10.400188
ts_n_sf1_sv1_gas_rate,2023-01-01T00:00:00Z,7.852535
ts_n_sf1_sv1_gas_rate,2023-01-01T01:00:00Z,7.822359
ts_n_sf1_sv1_gas_rate,2023-01-01T02:00:00Z,6.649903
ts_n_sf1_sv1_gas_rate,2023-01-01T03:00:00Z,8.840382
ts_n_sf1_sv1_gas_rate,2023-01-01T04:00:00Z,8.570366
ts_n_sf1_sv1_gas_rate,2023-01-01T05:00:00Z,8.575073
ts_n_sf1_sv1_gas_rate,2023-01-01T06:00:00Z,7.992996
ts_n_sf1_sv1_gas_rate,2023-01-01T07:00:00Z,8.605693
ts_n_sf1_sv1_gas_rate,2023-01-01T08:00:00Z,9.247444
ts_n_sf1_sv1_gas_rate,2023-01-01T09:00:00Z,8.688567
ts_n_sf1_sv1_gas_rate,2023-01-01T10:00:00Z,7.661927
ts_n_sf1_sv1_gas_rate,2023-01-01T11:00:00Z,9.329471
ts_n_sf1_sv1_gas_rate,2023-01-01T12:00:00Z,7.600983
ts_n_sf1_sv1_gas_rate,2023-01-01T13:00:00Z,6.913852
ts_n_sf1_sv1_gas_rate,2023-01-01T14:00:00Z,7.428552
ts_n_sf1_sv1_gas_rate,2023-01-01T15:00:00Z,8.177106
ts_n_sf1_sv1_gas_rate,2023-01-01T16:00:00Z,9.283877
ts_n_sf1_sv1_gas_rate,2023-01-01T17:00:00Z,7.755651
ts_n_sf1_sv1_gas_rate,2023-01-01T18:00:00Z,8.709627
ts_n_sf1_sv1_gas_rate,2023-01-01T19:00:00Z,7.541691
ts_n_sf1_sv1_gas_rate,2023-01-01T20:00:00Z,6.832477
ts_n_sf1_sv1_gas_rate,2023-01-01T21:00:00Z,9.689992
ts_n_sf1_sv1_gas_rate,2023-01-01T22:00:00Z,8.492524
ts_n_sf1_sv1_gas_rate,2023-01-01T23:00:00Z,8.175878
ts_n_sf1_sv1_gas_rate,2023-01-02T00:00:00Z,8.828316
ts_n_sf1_sv1_liquid_rate,2023-01-01T00:00:00Z,2870.556641
ts_n_sf1_sv1_liquid_rate,2023-01-01T01:00:00Z,3454.352103
ts_n_sf1_sv1_liquid_rate,2023-01-01T02:00:00Z,2708.379797
ts_n_sf1_sv1_liquid_rate,2023-01-01T03:00:00Z,2809.474123
ts_n_sf1_sv1_liquid_rate,2023-01-01T04:00:00Z,2934.787988
ts_n_sf1_sv1_liquid_rate,2023-01-01T05:00:00Z,2758.138537
ts_n_sf1_sv1_liquid_rate,2023-01-01T06:00:00Z,2826.382137
ts_n_sf1_sv1_liquid_rate,2023-01-01T07:00:00Z,3369.930477
ts_n_sf1_sv1_liquid_rate,2023-01-01T08:00:00Z,3023.052979
ts_n_sf1_sv1_liquid_rate,2023-01-01T09:00:00Z,2620.680624
ts_n_sf1_sv1_liquid_rate,2023-01-01T10:00:00Z,3388.837394
ts_n_sf1_sv1_liquid_rate,2023-01-01T11:00:00Z,2773.256862
ts_n_sf1_sv1_liquid_rate,2023-01-01T12:00:00Z,3339.219696
ts_n_sf1_sv1_liquid_rate,2023-01-01T13:00:00Z,2614.574663
ts_n_sf1_sv1_liquid_rate,2023-01-01T14:00:00Z,3217.428542
ts_n_sf1_sv1_liquid_rate,2023-01-01T15:00:00Z,3152.652755
ts_n_sf1_sv1_liquid_rate,2023-01-01T16:00:00Z,3173.542383
ts_n_sf1_sv1_liquid_rate,2023-01-01T17:00:00Z,3552.002418
ts_n_sf1_sv1_liquid_rate,2023-01-01T18:00:00Z,3317.810899
ts_n_sf1_sv1_liquid_rate,2023-01-01T19:00:00Z,2911.14713
ts_n_sf1_sv1_liquid_rate,2023-01-01T20:00:00Z,3040.068989
ts_n_sf1_sv1_liquid_rate,2023-01-01T21:00:00Z,2651.247746
ts_n_sf1_sv1_liquid_rate,2023-01-01T22:00:00Z,3220.704829
ts_n_sf1_sv1_liquid_rate,2023-01-01T23:00:00Z,2998.402524
ts_n_sf1_sv1_liquid_rate,2023-01-02T00:00:00Z,2699.802056
ts_n_sf1_sv1_pressure,2023-01-01T00:00:00Z,467.946922
ts_n_sf1_sv1_pressure,2023-01-01T01:00:00Z,439.804369
ts_n_sf1_sv1_pressure,2023-01-01T02:00:00Z,434.929611
ts_n_sf1_sv1_pressure,2023-01-01T03:00:00Z,470.103352
ts_n_sf1_sv1_pressure,2023-01-01T04:00:00Z,427.903752
ts_n_sf1_sv1_pressure,2023-01-01T05:00:00Z,449.824207
ts_n_sf1_sv1_pressure,2023-01-01T06:00:00Z,454.973684
ts_n_sf1_sv1_pressure,2023-01-01T07:00:00Z,458.429984
ts_n_sf1_sv1_pressure,2023-01-01T08:00:00Z,430.728288
ts_n_sf1_sv1_pressure,2023-01-01T09:00:00Z,460.089035
ts_n_sf1_sv1_pressure,2023-01-01T10:00:00Z,452.537187
ts_n_sf1_sv1_pressure,2023-01-01T11:00:00Z,473.81713
ts_n_sf1_sv1_pressure,2023-01-01T12:00:00Z,424.701075
ts_n_sf1_sv1_pressure,2023-01-01T13:00:00Z,480.680556
ts_n_sf1_sv1_pressure,2023-01-01T14:00:00Z,433.860791
ts_n_sf1_sv1_pressure,2023-01-01T15:00:00Z,472.551316
ts_n_sf1_sv1_pressure,2023-01-01T16:00:00Z,454.438894
ts_n_sf1_sv1_pressure,2023-01-01T17:00:00Z,474.39162
ts_n_sf1_sv1_pressure,2023-01-01T18:00:00Z,435.472442
ts_n_sf1_sv1_pressure,2023-01-01T19:00:00Z,444.038936
ts_n_sf1_sv1_pressure,2023-01-01T20:00:00Z,430.230941
ts_n_sf1_sv1_pressure,2023-01-01T21:00:00Z,471.97315
ts_n_sf1_sv1_pressure,2023-01-01T22:00:00Z,457.538096
ts_n_sf1_sv1_pressure,2023-01-01T23:00:00Z,438.048577
ts_n_sf1_sv1_pressure,2023-01-02T00:00:00Z,437.501276
ts_n_sf1_sv2_gas_rate,2023-01-01T00:00:00Z,8.943434
ts_n_sf1_sv2_gas_rate,2023-01-01T01:00:00Z,6.800569
ts_n_sf1_sv2_gas_rate,2023-01-01T02:00:00Z,9.298183
ts_n_sf1_sv2_gas_rate,2023-01-01T03:00:00Z,8.728766
ts_n_sf1_sv2_gas_rate,2023-01-01T04:00:00Z,7.32202
ts_n_sf1_sv2_gas_rate,2023-01-01T05:00:00Z,7.844951
ts_n_sf1_sv2_gas_rate,2023-01-01T06:00:00Z,6.677439
ts_n_sf1_sv2_gas_rate,2023-01-01T07:00:00Z,7.029374
ts_n_sf1_sv2_gas_rate,2023-01-01T08:00:00Z,8.554343
ts_n_sf1_sv2_gas_rate,2023-01-01T09:00:00Z,8.929067
ts_n_sf1_sv2_gas_rate,2023-01-01T10:00:00Z,7.191094
ts_n_sf1_sv2_gas_rate,2023-01-01T11:00:00Z,8.727262
ts_n_sf1_sv2_gas_rate,2023-01-01T12:00:00Z,7.786489
ts_n_sf1_sv2_gas_rate,2023-01-01T13:00:00Z,8.300283
ts_n_sf1_sv2_gas_rate,2023-01-01T14:00:00Z,9.177
ts_n_sf1_sv2_gas_rate,2023-01-01T15:00:00Z,7.394345
ts_n_sf1_sv2_gas_rate,2023-01-01T16:00:00Z,7.223947
ts_n_sf1_sv2_gas_rate,2023-01-01T17:00:00Z,7.985736
ts_n_sf1_sv2_gas_rate,2023-01-01T18:00:00Z,9.658134
ts_n_sf1_sv2_gas_rate,2023-01-01T19:00:00Z,7.95743
ts_n_sf1_sv2_gas_rate,2023-01-01T20:00:00Z,9.274012
ts_n_sf1_sv2_gas_rate,2023-01-01T21:00:00Z,7.286632
ts_n_sf1_sv2_gas_rate,2023-01-01T22:00:00Z,9.037078
ts_n_sf1_sv2_gas_rate,2023-01-01T23:00:00Z,9.364532
ts_n_sf1_sv2_gas_rate,2023-01-02T00:00:00Z,7.895237
ts_n_sf1_sv2_liquid_rate,2023-01-01T00:00:00Z,2645.336162
ts_n_sf1_sv2_liquid_rate,2023-01-01T01:00:00Z,2853.677922
ts_n_sf1_sv2_liquid_rate,2023-01-01T02:00:00Z,2671.269166
ts_n_sf1_sv2_liquid_rate,2023-01-01T03:00:00Z,2758.393208
ts_n_sf1_sv2_liquid_rate,2023-01-01T04:00:00Z,3209.047449
ts_n_sf1_sv2_liquid_rate,2023-01-01T05:00:00Z,2675.854003
ts_n_sf1_sv2_liquid_rate,2023-01-01T06:00:00Z,2875.918934
ts_n_sf1_sv2_liquid_rate,2023-01-01T07:00:00Z,2729.71104
ts_n_sf1_sv2_liquid_rate,2023-01-01T08:00:00Z,3507.742815
ts_n_sf1_sv2_liquid_rate,2023-01-01T09:00:00Z,3028.575774
ts_n_sf1_sv2_liquid_rate,2023-01-01T10:00:00Z,2850.722235
ts_n_sf1_sv2_liquid_rate,2023-01-01T11:00:00Z,2955.811585
ts_n_sf1_sv2_liquid_rate,2023-01-01T12:00:00Z,3378.056184
ts_n_sf1_sv2_liquid_rate,2023-01-01T13:00:00Z,2921.99051
ts_n_sf1_sv2_liquid_rate,2023-01-01T14:00:00Z,3376.022142
ts_n_sf1_sv2_liquid_rate,2023-01-01T15:00:00Z,2944.625878
ts_n_sf1_sv2_liquid_rate,2023-01-01T16:00:00Z,2826.381164
ts_n_sf1_sv2_liquid_rate,2023-01-01T17:00:00Z,3473.906387
ts_n_sf1_sv2_liquid_rate,2023-01-01T18:00:00Z,2616.042467
ts_n_sf1_sv2_liquid_rate,2023-01-01T19:00:00Z,3491.482979
ts_n_sf1_sv2_liquid_rate,2023-01-01T20:00:00Z,2915.190096
ts_n_sf1_sv2_liquid_rate,2023-01-01T21:00:00Z,3327.489824
ts_n_sf1_sv2_liquid_rate,2023-01-01T22:00:00Z,3047.234852
ts_n_sf1_sv2_liquid_rate,2023-01-01T23:00:00Z,2674.628319
ts_n_sf1_sv2_liquid_rate,2023-01-02T00:00:00Z,2661.233241
ts_n_sf1_sv2_pressure,2023-01-01T00:00:00Z,436.289467
ts_n_sf1_sv2_pressure,2023-01-01T01:00:00Z,452.764396
ts_n_sf1_sv2_pressure,2023-01-01T02:00:00Z,462.987821
ts_n_sf1_sv2_pressure,2023-01-01T03:00:00Z,478.265743
ts_n_sf1_sv2_pressure,2023-01-01T04:00:00Z,443.14472
ts_n_sf1_sv2_pressure,2023-01-01T05:00:00Z,453.217496
ts_n_sf1_sv2_pressure,2023-01-01T06:00:00Z,443.983338
ts_n_sf1_sv2_pressure,2023-01-01T07:00:00Z,454.755419
ts_n_sf1_sv2_pressure,2023-01-01T08:00:00Z,472.490597
ts_n_sf1_sv2_pressure,2023-01-01T09:00:00Z,481.818374
ts_n_sf1_sv2_pressure,2023-01-01T10:00:00Z,478.212445
ts_n_sf1_sv2_pressure,2023-01-01T11:00:00Z,479.048513
ts_n_sf1_sv2_pressure,2023-01-01T12:00:00Z,426.263383
ts_n_sf1_sv2_pressure,2023-01-01T13:00:00Z,437.728039
ts_n_sf1_sv2_pressure,2023-01-01T14:00:00Z,480.261022
ts_n_sf1_sv2_pressure,2023-01-01T15:00:00Z,457.522129
ts_n_sf1_sv2_pressure,2023-01-01T16:00:00Z,432.684466
ts_n_sf1_sv2_pressure,2023-01-01T17:00:00Z,461.526081
ts_n_sf1_sv2_pressure,2023-01-01T18:00:00Z,480.626423
ts_n_sf1_sv2_pressure,2023-01-01T19:00:00Z,438.624743
ts_n_sf1_sv2_pressure,2023-01-01T20:00:00Z,446.200423
ts_n_sf1_sv2_pressure,2023-01-01T21:00:00Z,435.631036
ts_n_sf1_sv2_pressure,2023-01-01T22:00:00Z,484.121623
ts_n_sf1_sv2_pressure,2023-01-01T23:00:00Z,437.985144
ts_n_sf1_sv2_pressure,2023-01-02T00:00:00Z,441.509968
ts_s_sf1_sv1_gas_rate,2023-01-01T00:00:00Z,8.017821
ts_s_sf1_sv1_gas_rate,2023-01-01T01:00:00Z,7.872354
ts_s_sf1_sv1_gas_rate,2023-01-01T02:00:00Z,8.198912
ts_s_sf1_sv1_gas_rate,2023-01-01T03:00:00Z,7.690163
ts_s_sf1_sv1_gas_rate,2023-01-01T04:00:00Z,9.053563
ts_s_sf1_sv1_gas_rate,2023-01-01T05:00:00Z,7.040726
ts_s_sf1_sv1_gas_rate,2023-01-01T06:00:00Z,7.926013
ts_s_sf1_sv1_gas_rate,2023-01-01T07:00:00Z,8.876294
ts_s_sf1_sv1_gas_rate,2023-01-01T08:00:00Z,8.41828
ts_s_sf1_sv1_gas_rate,2023-01-01T09:00:00Z,9.330118
ts_s_sf1_sv1_gas_rate,2023-01-01T10:00:00Z,7.491035
ts_s_sf1_sv1_gas_rate,2023-01-01T11:00:00Z,7.71117
ts_s_sf1_sv1_gas_rate,2023-01-01T12:00:00Z,7.564221
ts_s_sf1_sv1_gas_rate,2023-01-01T13:00:00Z,7.059214
ts_s_sf1_sv1_gas_rate,2023-01-01T14:00:00Z,6.901005
ts_s_sf1_sv1_gas_rate,2023-01-01T15:00:00Z,8.229287
ts_s_sf1_sv1_gas_rate,2023-01-01T16:00:00Z,7.593724
ts_s_sf1_sv1_gas_rate,2023-01-01T17:00:00Z,8.452087
ts_s_sf1_sv1_gas_rate,2023-01-01T18:00:00Z,9.608138
ts_s_sf1_sv1_gas_rate,2023-01-01T19:00:00Z,9.721623
ts_s_sf1_sv1_gas_rate,2023-01-01T20:00:00Z,9.08587
ts_s_sf1_sv1_gas_rate,2023-01-01T21:00:00Z,7.75561
ts_s_sf1_sv1_gas_rate,2023-01-01T22:00:00Z,7.926732
ts_s_sf1_sv1_gas_rate,2023-01-01T23:00:00Z,9.483335
ts_s_sf1_sv1_gas_rate,2023-01-02T00:00:00Z,7.50177
ts_s_sf1_sv1_liquid_rate,2023-01-01T00:00:00Z,2644.720553
ts_s_sf1_sv1_liquid_rate,2023-01-01T01:00:00Z,2994.063992
ts_s_sf1_sv1_liquid_rate,2023-01-01T02:00:00Z,3013.433481
ts_s_sf1_sv1_liquid_rate,2023-01-01T03:00:00Z,3481.348928
ts_s_sf1_sv1_liquid_rate,2023-01-01T04:00:00Z,3328.653926
ts_s_sf1_sv1_liquid_rate,2023-01-01T05:00:00Z,3311.000823
ts_s_sf1_sv1_liquid_rate,2023-01-01T06:00:00Z,3205.044742
ts_s_sf1_sv1_liquid_rate,2023-01-01T07:00:00Z,2685.753833
ts_s_sf1_sv1_liquid_rate,2023-01-01T08:00:00Z,3446.458051
ts_s_sf1_sv1_liquid_rate,2023-01-01T09:00:00Z,2970.98309
ts_s_sf1_sv1_liquid_rate,2023-01-01T10:00:00Z,3124.422544
ts_s_sf1_sv1_liquid_rate,2023-01-01T11:00:00Z,2645.308748
ts_s_sf1_sv1_liquid_rate,2023-01-01T12:00:00Z,2857.174001
ts_s_sf1_sv1_liquid_rate,2023-01-01T13:00:00Z,3395.94438
ts_s_sf1_sv1_liquid_rate,2023-01-01T14:00:00Z,2682.608693
ts_s_sf1_sv1_liquid_rate,2023-01-01T15:00:00Z,2647.823443
ts_s_sf1_sv1_liquid_rate,2023-01-01T16:00:00Z,2892.309691
ts_s_sf1_sv1_liquid_rate,2023-01-01T17:00:00Z,2920.19528
ts_s_sf1_sv1_liquid_rate,2023-01-01T18:00:00Z,3066.217971
ts_s_sf1_sv1_liquid_rate,2023-01-01T19:00:00Z,3063.831852
ts_s_sf1_sv1_liquid_rate,2023-01-01T20:00:00Z,2764.958981
ts_s_sf1_sv1_liquid_rate,2023-01-01T21:00:00Z,2589.228626
ts_s_sf1_sv1_liquid_rate,2023-01-01T22:00:00Z,2948.872488
ts_s_sf1_sv1_liquid_rate,2023-01-01T23:00:00Z,2899.201447
ts_s_sf1_sv1_liquid_rate,2023-01-02T00:00:00Z,3138.762848
ts_s_sf1_sv1_pressure,2023-01-01T00:00:00Z,449.76937
ts_s_sf1_sv1_pressure,2023-01-01T01:00:00Z,471.655842
ts_s_sf1_sv1_pressure,2023-01-01T02:00:00Z,425.821653
ts_s_sf1_sv1_pressure,2023-01-01T03:00:00Z,443.455322
ts_s_sf1_sv1_pressure,2023-01-01T04:00:00Z,423.949679
ts_s_sf1_sv1_pressure,2023-01-01T05:00:00Z,460.237576
ts_s_sf1_sv1_pressure,2023-01-01T06:00:00Z,432.851149
ts_s_sf1_sv1_pressure,2023-01-01T07:00:00Z,440.287346
ts_s_sf1_sv1_pressure,2023-01-01T08:00:00Z,471.118965
ts_s_sf1_sv1_pressure,2023-01-01T09:00:00Z,425.527032
ts_s_sf1_sv1_pressure,2023-01-01T10:00:00Z,431.712335
ts_s_sf1_sv1_pressure,2023-01-01T11:00:00Z,440.828618
ts_s_sf1_sv1_pressure,2023-01-01T12:00:00Z,471.695001
ts_s_sf1_sv1_pressure,2023-01-01T13:00:00Z,451.776495
ts_s_sf1_sv1_pressure,2023-01-01T14:00:00Z,461.069149
ts_s_sf1_sv1_pressure,2023-01-01T15:00:00Z,477.80485
ts_s_sf1_sv1_pressure,2023-01-01T16:00:00Z,437.789892
ts_s_sf1_sv1_pressure,2023-01-01T17:00:00Z,451.000533
ts_s_sf1_sv1_pressure,2023-01-01T18:00:00Z,434.505614
ts_s_sf1_sv1_pressure,2023-01-01T19:00:00Z,471.644983
ts_s_sf1_sv1_pressure,2023-01-01T20:00:00Z,426.191415
ts_s_sf1_sv1_pressure,2023-01-01T21:00:00Z,470.664131
ts_s_sf1_sv1_pressure,2023-01-01T22:00:00Z,446.450791
ts_s_sf1_sv1_pressure,2023-01-01T23:00:00Z,460.198433
ts_s_sf1_sv1_pressure,2023-01-02T00:00:00Z,437.185179
